IMO,LAT,LON,TIMESTAMP
9060778,51.221939,-3.360562,2024-11-22T05:42:00
9060778,51.505966,-2.713687,2024-11-23T00:02:00
9060778,51.512192,-2.700740,2024-11-24T00:38:00
9060778,51.512180,-2.700730,2024-11-25T00:01:00
9060778,51.512184,-2.700758,2024-11-26T00:46:00
9060778,51.228378,-3.394895,2024-11-27T00:57:00
9060778,51.591835,-5.235738,2024-11-28T00:23:00
9060778,54.613777,-5.915753,2024-11-29T00:52:00
9060778,54.616684,-5.912490,2024-11-30T00:02:00
9060778,51.674164,-5.966127,2024-12-01T00:47:00
9060778,50.187145,-2.407735,2024-12-02T00:43:00
9060778,51.928947,2.845782,2024-12-03T00:31:00
9060778,52.487499,4.449860,2024-12-04T00:37:00
9060778,57.213840,5.945872,2024-12-05T02:36:00
9060778,58.330448,6.257825,2024-12-06T00:02:00
9060778,55.625095,6.409768,2024-12-07T00:38:00
9060778,53.456039,6.826002,2024-12-08T00:46:00
9060778,55.288052,6.743258,2024-12-09T05:43:00
9060778,57.482273,6.783677,2024-12-10T00:47:00
9060778,57.836185,9.768217,2024-12-11T00:53:00
9060778,55.718735,12.632748,2024-12-12T00:51:00
9060778,55.184994,13.831185,2024-12-13T00:56:00
9060778,55.480125,14.631730,2024-12-14T00:52:00
9060778,54.637852,11.386753,2024-12-15T00:05:00
9060778,56.133774,15.601263,2024-12-16T00:16:00
9060778,55.069572,14.041291,2024-12-17T00:19:00
9060778,54.637535,11.387841,2024-12-18T00:35:00
9060778,57.818375,10.774843,2024-12-19T00:44:00
9060778,58.017372,7.501870,2024-12-20T00:46:00
9060778,57.770775,10.777687,2024-12-21T00:57:00
9060778,55.689625,10.783175,2024-12-22T00:03:00
9060778,54.830486,11.120463,2024-12-23T00:21:00
9060778,56.936607,10.869970,2024-12-24T00:00:00
9060778,57.889874,7.552979,2024-12-25T00:05:00
9060778,58.327919,6.257167,2024-12-26T00:17:00
9060778,56.670345,4.553083,2024-12-27T00:36:00
9060778,54.249977,1.448692,2024-12-28T00:19:00
9060778,53.746044,-0.295912,2024-12-29T00:31:00
9060778,53.746044,-0.295937,2024-12-30T00:55:00
9060778,56.024746,3.945073,2024-12-31T00:51:00
9060778,58.327866,6.257167,2025-01-01T00:38:00
9060778,58.327915,6.257145,2025-01-02T00:25:00
9060778,56.819305,4.706687,2025-01-03T03:09:00
9060778,54.063713,1.101668,2025-01-04T03:52:00
9060778,53.746071,-0.295738,2025-01-05T01:09:00
9060778,53.774414,0.613085,2025-01-06T00:52:00
9060778,56.615185,4.967480,2025-01-07T00:21:00
9060778,58.327942,6.257245,2025-01-08T00:36:00
9060778,56.606628,4.495340,2025-01-09T00:38:00
9060778,54.224277,1.409987,2025-01-10T00:48:00
9060778,53.746059,-0.295945,2025-01-11T00:56:00
9060778,54.402264,1.724828,2025-01-12T00:05:00
9060778,57.463200,6.052873,2025-01-13T00:55:00
9060778,57.864300,8.925068,2025-01-14T00:56:00
9060778,56.098045,12.549175,2025-01-15T00:49:00
9060778,56.197887,12.267326,2025-01-16T00:03:00
9060778,55.856323,9.865555,2025-01-17T00:10:00
9060778,57.271240,10.736238,2025-01-18T00:27:00
9060778,59.490906,10.381356,2025-01-19T00:41:00
9060778,58.496265,8.878575,2025-01-20T00:12:00
9060778,58.243080,9.635266,2025-01-21T00:30:00
9060778,54.967148,10.974323,2025-01-22T00:28:00
9060778,54.865887,10.887200,2025-01-23T00:00:00
9060778,56.417194,10.929013,2025-01-24T00:33:00
9060778,56.325089,11.860098,2025-01-25T00:47:00
9060778,55.686481,12.632624,2025-01-26T00:13:00
9060778,55.865715,15.286787,2025-01-27T00:18:00
9060778,54.919880,13.361832,2025-01-28T00:27:00
9060778,54.637280,11.383175,2025-01-29T00:13:00
9060778,57.874260,9.446787,2025-01-30T00:12:00
9060778,57.859554,6.271985,2025-01-31T00:21:00
9060778,54.039661,6.340478,2025-02-01T00:03:00
9060778,54.175205,6.359957,2025-02-02T00:16:00
9060778,57.404598,6.772407,2025-02-03T00:24:00
9060778,58.050781,6.986732,2025-02-04T00:21:00
9060778,56.797707,7.084040,2025-02-05T02:34:00
9060778,53.628593,8.147137,2025-02-06T00:09:00
9060778,53.583294,8.156687,2025-02-07T00:39:00
9060778,53.583447,8.156650,2025-02-08T00:06:00
9060778,53.175903,4.419193,2025-02-09T00:08:00
9060778,52.469727,4.581525,2025-02-10T00:15:00
9060778,52.469574,4.580540,2025-02-11T00:39:00
9060778,52.469528,4.580520,2025-02-12T00:56:00
9060778,52.471947,4.588020,2025-02-13T00:07:00
9060778,52.471771,4.587417,2025-02-14T00:26:00
9060778,52.512890,3.882187,2025-02-15T00:40:00
9060778,50.407452,-1.097938,2025-02-16T00:35:00
9060778,50.808208,-5.179567,2025-02-17T00:22:00
9060778,51.616497,-3.920505,2025-02-18T00:29:00
9060778,53.609417,-5.368350,2025-02-19T00:35:00
9060778,54.602432,-5.422003,2025-02-20T00:35:00
9060778,52.112865,-5.446280,2025-02-21T00:55:00
9060778,51.453751,-3.159258,2025-02-22T00:14:00
9060778,51.799927,-5.458645,2025-02-23T00:19:00
9060778,54.695518,-5.660692,2025-02-24T00:23:00
9060778,53.531967,-5.488367,2025-02-25T00:53:00
9060778,51.849594,-8.327398,2025-02-26T00:40:00
9060778,51.849602,-8.327410,2025-02-27T00:56:00
9060778,53.100113,-5.586245,2025-02-28T00:49:00
9060778,53.716682,-5.838873,2025-03-01T00:54:00
9060778,49.919312,-5.374333,2025-03-02T00:30:00
9060778,50.539543,0.994810,2025-03-03T00:18:00
9060778,52.032795,1.159132,2025-03-04T00:35:00
9060778,54.388374,4.017139,2025-03-05T00:35:00
9060778,58.330414,6.257817,2025-03-06T00:14:00
9060778,56.171928,6.798065,2025-03-07T00:52:00
9060778,53.519661,8.145335,2025-03-08T00:57:00
9060778,53.524227,4.881967,2025-03-09T00:53:00
9060778,52.416496,4.815309,2025-03-10T00:54:00
9060778,51.050056,1.414143,2025-03-11T00:55:00
9060778,49.886410,-5.189140,2025-03-12T00:38:00
9060778,51.543491,-3.947620,2025-03-13T00:32:00
9060778,51.616482,-3.919920,2025-03-14T00:01:00
9060778,54.089088,-5.343405,2025-03-15T00:18:00
9060778,54.131245,-5.405418,2025-03-16T00:30:00
9060778,49.915745,-5.729983,2025-03-17T00:37:00
9060778,50.324993,-0.279547,2025-03-18T00:24:00
9060778,52.468231,4.499893,2025-03-19T00:10:00
9060778,51.931915,3.758888,2025-03-20T00:18:00
9060778,51.797176,4.638225,2025-03-21T00:02:00
9060778,51.964211,1.536817,2025-03-22T00:06:00
9060778,52.280933,3.189945,2025-03-23T00:06:00
9060778,52.416260,4.815434,2025-03-24T00:20:00
9060778,52.447014,4.206520,2025-03-25T00:29:00
9060778,50.375210,-1.513550,2025-03-26T00:15:00
9060778,51.127083,-4.631480,2025-03-27T00:00:00
9060778,51.616650,-3.917857,2025-03-28T00:20:00
9060778,51.616611,-3.917908,2025-03-29T00:44:00
9060778,51.616673,-3.917892,2025-03-30T00:05:00
9060778,51.616642,-3.917857,2025-03-31T00:13:00
9060778,51.616470,-3.920745,2025-04-01T00:40:00
9060778,53.945297,-5.366322,2025-04-02T00:23:00
9060778,53.457375,-5.385078,2025-04-03T00:19:00
9060778,51.466389,-3.150070,2025-04-04T00:13:00
9060778,51.645489,-6.206957,2025-04-05T00:12:00
9060778,52.260456,-7.037250,2025-04-06T00:17:00
9060778,52.569099,-5.826942,2025-04-07T00:27:00
9060778,56.821133,-6.412442,2025-04-08T00:13:00
9060778,58.417774,-0.231593,2025-04-09T00:59:00
9060778,57.926994,7.621540,2025-04-10T00:21:00
9060778,59.490978,10.381227,2025-04-11T00:10:00
9060778,59.491001,10.381186,2025-04-12T00:07:00
9060778,58.495178,9.293233,2025-04-13T00:28:00
9060778,58.050747,6.986800,2025-04-14T00:31:00
9060778,57.800835,10.632240,2025-04-15T00:42:00
9060778,55.718628,12.632687,2025-04-16T00:35:00
9060778,56.686913,12.200613,2025-04-17T00:43:00
9060778,57.895802,7.827720,2025-04-18T00:32:00
9060778,58.329548,6.261432,2025-04-19T01:05:00
9060778,56.233871,6.384232,2025-04-20T00:22:00
9060778,53.450909,6.830761,2025-04-21T00:27:00
9060778,56.146748,6.457880,2025-04-22T00:28:00
9060778,58.283073,6.246287,2025-04-23T00:38:00
9060778,54.067123,6.319820,2025-04-24T00:47:00
9060778,53.773918,6.125565,2025-04-25T00:48:00
9060778,52.416332,4.815363,2025-04-26T00:50:00
9060778,52.416332,4.815352,2025-04-27T00:13:00
9060778,52.416309,4.815350,2025-04-28T00:28:00
9060778,51.242592,1.761992,2025-04-29T00:28:00
9060778,49.967258,-4.512767,2025-04-30T00:14:00
9060778,51.585247,-3.787640,2025-05-01T00:07:00
9060778,51.529785,-5.065732,2025-05-02T00:35:00
9060778,55.093246,-5.705560,2025-05-03T00:48:00
9060778,55.011467,-5.482232,2025-05-04T00:40:00
9060778,54.100269,-3.360297,2025-05-05T00:38:00
9060778,54.100868,-3.361700,2025-05-06T00:55:00
9060778,54.097878,-3.222338,2025-05-07T00:21:00
9060778,54.613251,-5.916460,2025-05-08T00:21:00
9060778,53.645996,-5.510852,2025-05-09T00:16:00
9060778,49.895012,-5.316820,2025-05-10T00:05:00
9060778,50.555565,1.025502,2025-05-11T00:48:00
9060778,52.472382,4.665685,2025-05-12T00:41:00
9060778,52.416588,4.815250,2025-05-13T00:06:00
9060778,51.068405,1.449283,2025-05-14T00:03:00
9060778,49.909554,-4.985345,2025-05-15T00:47:00
9060778,51.585278,-3.787425,2025-05-16T00:36:00
9060778,51.552971,-3.945468,2025-05-17T00:58:00
9060778,54.664322,-5.404830,2025-05-18T00:56:00
9060778,55.202858,-5.731325,2025-05-19T00:55:00
9060778,54.097866,-3.222448,2025-05-20T00:53:00
9060778,54.097912,-3.222393,2025-05-21T00:23:00
9101546,60.850594,5.069608,2024-11-22T06:05:00
9101546,60.487888,4.338480,2024-11-23T00:13:00
9101546,56.451408,3.697247,2024-11-24T06:05:00
9101546,54.981667,1.263333,2024-11-25T03:44:00
9101546,52.475723,1.987552,2024-11-26T00:22:00
9101546,51.116333,1.321503,2024-11-27T00:29:00
9101546,51.326492,4.319198,2024-11-28T00:22:00
9101546,51.366772,2.776232,2024-11-29T00:33:00
9101546,50.263519,-2.813482,2024-11-30T00:20:00
9101546,52.109692,-5.731548,2024-12-01T00:10:00
9101546,55.223331,-6.802318,2024-12-02T00:18:00
9101546,55.041782,-7.263363,2024-12-03T00:17:00
9101546,55.041798,-7.263332,2024-12-04T00:23:00
9101546,55.352402,-6.197922,2024-12-05T00:02:00
9101546,55.809513,-4.953315,2024-12-06T00:00:00
9101546,55.871021,-4.348338,2024-12-07T00:12:00
9101546,54.685638,-5.701467,2024-12-08T00:13:00
9101546,54.613766,-5.915812,2024-12-09T00:28:00
9101546,54.613720,-5.915807,2024-12-10T00:34:00
9101546,53.377480,-5.394642,2024-12-11T00:34:00
9101546,51.344261,-3.247438,2024-12-12T00:51:00
9101546,51.512901,-5.045708,2024-12-13T00:47:00
9101546,55.004318,-5.665752,2024-12-14T00:09:00
9101546,56.841007,-5.135637,2024-12-15T00:59:00
9101546,56.841015,-5.135615,2024-12-16T00:11:00
9101546,56.840992,-5.135583,2024-12-17T00:17:00
9101546,57.900547,-6.082587,2024-12-18T00:14:00
9101546,60.830601,-1.078648,2024-12-19T00:59:00
9101546,63.610641,9.525888,2024-12-21T00:30:00
9101546,63.445320,10.394069,2024-12-22T00:42:00
9101546,63.981213,11.099482,2024-12-23T00:51:00
9101546,63.413872,8.579532,2024-12-24T00:02:00
9101546,61.602745,4.407022,2024-12-25T00:55:00
9101546,58.384666,5.937790,2024-12-26T00:47:00
9101546,57.575768,6.439150,2024-12-27T00:02:00
9101546,54.114746,7.485203,2024-12-28T00:35:00
9101546,53.497028,8.585887,2024-12-29T00:37:00
9101546,52.668919,3.593932,2024-12-30T00:01:00
9101546,51.326698,4.320532,2024-12-31T00:13:00
9101546,51.326698,4.320560,2025-01-01T00:28:00
9101546,51.326672,4.320557,2025-01-02T00:58:00
9101546,51.326679,4.320607,2025-01-03T00:20:00
9101546,51.326633,4.320140,2025-01-04T00:29:00
9101546,50.533031,-0.212078,2025-01-05T00:20:00
9101546,49.974663,-4.709199,2025-01-06T00:06:00
9101546,52.861130,-5.581840,2025-01-07T02:29:00
9101546,55.042572,-7.262070,2025-01-08T00:15:00
9101546,55.042553,-7.262005,2025-01-09T00:30:00
9101546,55.275486,-6.038627,2025-01-10T00:35:00
9101546,55.443920,-5.039575,2025-01-11T00:35:00
9101546,55.871372,-4.349553,2025-01-12T00:41:00
9101546,54.100239,-6.260890,2025-01-13T00:37:00
9101546,54.100235,-6.260883,2025-01-14T00:56:00
9101546,51.773254,-6.191663,2025-01-15T00:51:00
9101546,50.316647,-2.341808,2025-01-16T00:39:00
9101546,51.940121,1.310428,2025-01-17T00:24:00
9101546,51.767796,1.726008,2025-01-18T00:31:00
9101546,51.166618,3.793895,2025-01-19T00:28:00
9101546,52.432045,2.497435,2025-01-20T00:24:00
9101546,53.740265,-0.261442,2025-01-21T00:37:00
9101546,55.374420,1.715742,2025-01-22T00:21:00
9101546,59.525612,4.555337,2025-01-23T00:44:00
9101546,60.273388,5.146615,2025-01-24T00:52:00
9101546,58.025112,4.833000,2025-01-25T00:42:00
9101546,54.028069,3.352518,2025-01-26T09:27:00
9101546,52.433578,2.260855,2025-01-27T00:33:00
9101546,51.458714,0.348843,2025-01-28T00:22:00
9101546,51.458542,0.348927,2025-01-29T00:37:00
9101546,51.797676,4.638657,2025-01-30T00:30:00
9101546,52.796913,4.165650,2025-01-31T00:41:00
9101546,56.423302,5.555930,2025-02-01T00:09:00
9101546,60.570507,4.416658,2025-02-02T00:09:00
9101546,63.245567,8.027775,2025-02-03T00:55:00
9101546,63.319408,9.143893,2025-02-04T00:40:00
9101546,62.631741,5.693507,2025-02-05T00:46:00
9101546,61.473358,4.392345,2025-02-06T00:44:00
9101546,59.283985,5.316721,2025-02-07T00:34:00
9101546,57.057686,4.644102,2025-02-08T03:53:00
9101546,54.026669,3.363333,2025-02-09T03:13:00
9101546,52.042606,1.158512,2025-02-10T00:08:00
9101546,52.042610,1.158473,2025-02-11T00:32:00
9101546,50.499161,-0.689323,2025-02-12T00:29:00
9101546,50.972660,-6.954527,2025-02-13T00:30:00
9101546,51.867298,-8.330941,2025-02-14T00:49:00
9101546,52.023067,-6.397343,2025-02-15T00:55:00
9101546,55.805244,-6.803937,2025-02-16T00:48:00
9101546,59.378586,-3.815068,2025-02-17T00:32:00
9101546,62.069038,2.677925,2025-02-18T00:49:00
9101546,63.469807,10.119708,2025-02-19T00:42:00
9101546,63.981174,11.099520,2025-02-20T00:44:00
9101546,63.480595,10.275792,2025-02-21T00:54:00
9101546,61.819775,5.167910,2025-02-22T00:46:00
9101546,58.762135,5.256784,2025-02-23T00:40:00
9101546,58.329685,6.261450,2025-02-24T00:58:00
9101546,55.960045,6.119147,2025-02-25T00:54:00
9101546,53.450626,6.832100,2025-02-26T00:51:00
9101546,54.731438,6.058527,2025-02-27T00:04:00
9101546,58.329479,6.261477,2025-02-28T00:07:00
9101546,57.285305,6.182482,2025-03-01T00:21:00
9101546,53.450615,6.832030,2025-03-02T00:49:00
9101546,55.054073,6.458213,2025-03-03T01:13:00
9101546,58.116127,7.044855,2025-03-04T00:35:00
9101546,58.116161,7.044776,2025-03-05T00:14:00
9101546,58.050755,6.986653,2025-03-06T00:48:00
9101546,57.852013,9.247515,2025-03-07T00:55:00
9101546,55.719070,12.633496,2025-03-08T00:49:00
9101546,55.719002,12.633554,2025-03-09T00:58:00
9101546,55.478401,14.794145,2025-03-10T00:52:00
9101546,55.575596,14.783770,2025-03-11T00:45:00
9101546,54.637894,11.386804,2025-03-12T00:00:00
9101546,55.267426,14.482297,2025-03-13T00:37:00
9101546,55.688412,14.968173,2025-03-14T00:36:00
9101546,54.637844,11.386739,2025-03-15T00:08:00
9101546,56.111668,11.169145,2025-03-16T00:14:00
9101546,56.832108,12.409220,2025-03-17T00:51:00
9101546,56.891006,12.484612,2025-03-18T11:05:00
9101546,56.891006,12.484585,2025-03-19T00:20:00
9101546,56.891022,12.484583,2025-03-20T00:53:00
9101546,56.891068,12.484588,2025-03-21T00:30:00
9101546,56.891041,12.484603,2025-03-22T00:54:00
9101546,56.891010,12.484585,2025-03-23T00:39:00
9101546,56.891033,12.484612,2025-03-24T00:00:00
9101546,56.891026,12.484607,2025-03-25T00:09:00
9101546,56.890991,12.484570,2025-03-26T00:21:00
9101546,56.891026,12.484518,2025-03-27T00:44:00
9101546,56.891026,12.484570,2025-03-28T00:17:00
9101546,56.890999,12.484567,2025-03-29T00:47:00
9101546,56.890285,12.482405,2025-03-30T00:02:00
9101546,58.063393,10.063430,2025-03-31T00:27:00
9101546,58.334080,9.455542,2025-04-01T00:24:00
9101546,54.840134,10.860045,2025-04-02T00:10:00
9101546,54.638348,11.375492,2025-04-03T00:24:00
9101546,57.863853,9.703217,2025-04-04T00:27:00
9101546,58.329468,6.261452,2025-04-05T00:44:00
9101546,55.589432,6.111022,2025-04-06T01:11:00
9101546,53.450687,6.831868,2025-04-07T00:54:00
9101546,53.979267,6.373869,2025-04-08T00:52:00
9101546,58.329559,6.259133,2025-04-09T00:15:00
9101546,57.341095,6.183848,2025-04-10T00:04:00
9101546,53.612976,6.545442,2025-04-11T00:07:00
9101546,54.271439,6.168893,2025-04-12T00:08:00
9101546,57.904148,6.207674,2025-04-13T00:22:00
9101546,57.804241,6.334580,2025-04-14T00:38:00
9101546,53.865849,7.822480,2025-04-15T00:47:00
9101546,53.525379,8.156756,2025-04-16T00:50:00
9101546,57.848705,8.087565,2025-04-17T00:49:00
9101546,58.018059,7.502230,2025-04-18T00:53:00
9101546,57.800453,10.836177,2025-04-19T00:47:00
9101546,55.719101,12.633600,2025-04-20T00:40:00
9101546,55.719093,12.633567,2025-04-21T00:46:00
9101546,55.823437,15.250735,2025-04-22T00:42:00
9101546,55.046097,13.907117,2025-04-23T00:39:00
9101546,54.637848,11.386795,2025-04-24T00:04:00
9101546,56.161812,15.631371,2025-04-25T00:15:00
9101546,54.826286,12.820702,2025-04-26T00:13:00
9101546,54.496361,11.489700,2025-04-27T00:39:00
9101546,56.162071,15.631172,2025-04-28T00:36:00
9101546,56.161827,15.631442,2025-04-29T00:45:00
9101546,56.166527,15.593661,2025-04-30T00:52:00
9101546,56.166534,15.593728,2025-05-01T00:01:00
9101546,56.016911,15.501510,2025-05-02T00:17:00
9101546,55.689911,10.683610,2025-05-03T00:03:00
9101546,56.443768,11.099620,2025-05-04T00:03:00
9101546,58.496101,8.878202,2025-05-05T00:03:00
9101546,57.596073,11.196713,2025-05-06T00:04:00
9101546,54.836033,15.513240,2025-05-07T00:50:00
9101546,54.391479,18.670179,2025-05-08T00:57:00
9101546,54.627827,18.928984,2025-05-09T00:21:00
9101546,56.184292,12.438956,2025-05-10T00:42:00
9101546,57.965687,8.606807,2025-05-11T00:41:00
9101546,57.868587,9.530978,2025-05-12T00:41:00
9101546,55.719082,12.633620,2025-05-13T00:31:00
9101546,55.719128,12.633612,2025-05-14T00:45:00
9101546,57.217632,11.911428,2025-05-15T00:41:00
9101546,59.039772,10.041815,2025-05-16T00:33:00
9101546,59.039761,10.041872,2025-05-17T00:48:00
9101546,59.039780,10.041877,2025-05-18T00:54:00
9101546,58.458160,10.333633,2025-05-19T00:07:00
9101546,55.719090,12.633615,2025-05-20T01:02:00
9101546,55.719128,12.633614,2025-05-21T00:14:00
9147136,52.576969,2.301083,2024-11-22T05:57:00
9147136,55.364429,4.417533,2024-11-23T02:13:00
9147136,58.296413,6.035900,2024-11-24T00:55:00
9147136,58.329601,6.261452,2024-11-25T00:02:00
9147136,56.117775,6.600268,2024-11-26T10:24:00
9147136,54.220646,6.339205,2024-11-27T00:53:00
9147136,53.456188,6.825247,2024-11-28T00:50:00
9147136,52.116756,3.775802,2024-11-29T00:44:00
9147136,51.947060,4.076915,2024-11-30T00:47:00
9147136,55.188286,5.286057,2024-12-01T00:08:00
9147136,59.380100,4.643638,2024-12-02T00:47:00
9147136,62.125381,4.883282,2024-12-03T00:39:00
9147136,63.319481,9.144325,2024-12-04T00:49:00
9147136,63.319408,9.144130,2024-12-05T00:37:00
9147136,62.492249,5.481892,2024-12-06T00:07:00
9147136,60.850632,5.069527,2024-12-07T00:00:00
9147136,59.431782,4.660648,2024-12-08T00:57:00
9147136,54.859985,3.391105,2024-12-09T05:44:00
9147136,52.049774,2.191725,2024-12-10T00:02:00
9147136,51.157425,1.447790,2024-12-11T00:05:00
9147136,51.117420,1.320530,2024-12-12T00:07:00
9147136,51.985847,4.052625,2024-12-13T00:01:00
9147136,52.016346,3.995473,2024-12-14T00:26:00
9147136,55.645741,5.277922,2024-12-15T00:46:00
9147136,58.882034,4.840132,2024-12-16T00:05:00
9147136,61.726372,4.441130,2024-12-17T00:00:00
9147136,63.319546,9.144504,2024-12-18T00:21:00
9147136,63.319481,9.144178,2024-12-19T00:18:00
9147136,62.749332,5.998622,2024-12-20T00:54:00
9147136,59.163006,4.703233,2024-12-21T00:45:00
9147136,58.329533,6.261635,2024-12-22T00:59:00
9147136,53.925751,6.339352,2024-12-23T16:17:00
9147136,53.455952,6.826493,2024-12-24T00:15:00
9147136,53.455925,6.826505,2024-12-25T00:21:00
9147136,56.849586,6.353887,2024-12-26T00:40:00
9147136,58.327915,6.257293,2024-12-27T00:03:00
9147136,56.846642,3.292260,2024-12-28T04:16:00
9147136,53.798798,0.409643,2024-12-29T00:38:00
9147136,53.589024,0.445605,2024-12-30T00:16:00
9147136,53.746059,-0.295512,2024-12-31T00:34:00
9147136,53.746094,-0.295378,2025-01-01T00:52:00
9147136,56.131840,3.473837,2025-01-02T05:52:00
9147136,57.860920,5.847005,2025-01-03T00:11:00
9147136,58.327972,6.257322,2025-01-04T00:01:00
9147136,56.884434,3.370243,2025-01-05T03:34:00
9147136,53.867493,0.438248,2025-01-06T01:47:00
9147136,53.746075,-0.295527,2025-01-07T00:34:00
9147136,53.746101,-0.295602,2025-01-08T00:38:00
9147136,56.152687,3.608328,2025-01-09T12:15:00
9147136,57.710575,5.439650,2025-01-10T00:34:00
9147136,58.327961,6.257285,2025-01-11T00:55:00
9147136,56.536686,2.838773,2025-01-12T00:41:00
9147136,53.667599,0.360607,2025-01-13T00:52:00
9147136,53.746082,-0.295483,2025-01-14T01:04:00
9147136,51.494530,3.476223,2025-01-15T00:59:00
9147136,51.326874,4.322210,2025-01-16T00:01:00
9147136,51.349968,2.288413,2025-01-17T00:15:00
9147136,50.135590,-3.367368,2025-01-18T00:01:00
9147136,52.587566,-5.628540,2025-01-19T00:48:00
9147136,55.260571,-6.891270,2025-01-20T00:36:00
9147136,55.260185,-6.891635,2025-01-21T00:36:00
9147136,55.260445,-6.890980,2025-01-22T00:37:00
9147136,55.041786,-7.263295,2025-01-23T00:34:00
9147136,55.041748,-7.263292,2025-01-24T00:34:00
9147136,55.240253,-6.108102,2025-01-25T00:52:00
9147136,54.667927,-5.420232,2025-01-26T00:50:00
9147136,52.605637,-6.161877,2025-01-27T00:42:00
9147136,51.590160,-5.284187,2025-01-28T00:33:00
9147136,51.466431,-3.149980,2025-01-29T00:22:00
9147136,51.545727,-3.950507,2025-01-30T00:22:00
9147136,51.042686,-4.711623,2025-01-31T00:08:00
9147136,50.234119,-2.336025,2025-02-01T00:49:00
9147136,51.794674,2.787630,2025-02-02T00:34:00
9147136,51.894295,4.447033,2025-02-03T00:30:00
9147136,51.462933,3.691677,2025-02-04T00:27:00
9147136,51.393379,2.119717,2025-02-05T00:32:00
9147136,50.088875,-3.734318,2025-02-06T00:20:00
9147136,51.215858,-3.386997,2025-02-07T00:09:00
9147136,51.555779,-2.983090,2025-02-08T00:21:00
9147136,51.521347,-3.952363,2025-02-09T00:17:00
9147136,51.617489,-3.922820,2025-02-10T00:27:00
9147136,51.617519,-3.922793,2025-02-11T00:30:00
9147136,49.972786,-4.655400,2025-02-12T00:16:00
9147136,50.758720,1.364415,2025-02-13T00:02:00
9147136,51.894279,4.447068,2025-02-14T00:56:00
9147136,51.369667,4.077786,2025-02-15T00:57:00
9147136,51.393307,4.207360,2025-02-16T00:58:00
9147136,50.398968,-1.198097,2025-02-17T00:47:00
9147136,51.236778,-5.875037,2025-02-18T00:32:00
9147136,55.273579,-5.878102,2025-02-19T00:49:00
9147136,55.041222,-7.264450,2025-02-20T00:53:00
9147136,55.272362,-6.419698,2025-02-21T00:00:00
9147136,54.696079,-5.696515,2025-02-22T00:56:00
9147136,53.880707,-4.835882,2025-02-23T00:50:00
9147136,53.149860,-5.161877,2025-02-24T00:57:00
9147136,51.415676,-9.219142,2025-02-25T00:02:00
9147136,52.613987,-9.102344,2025-02-26T00:50:00
9147136,52.349628,-10.299314,2025-02-27T00:05:00
9147136,51.387615,-5.289792,2025-02-28T00:34:00
9147136,51.617519,-3.922808,2025-03-01T00:58:00
9147136,49.929897,-4.954082,2025-03-02T00:51:00
9147136,50.606312,1.140007,2025-03-03T00:38:00
9147136,51.894318,4.447100,2025-03-04T00:33:00
9147136,51.894268,4.447108,2025-03-05T00:39:00
9147136,51.797356,4.638485,2025-03-06T00:41:00
9147136,51.797379,4.638545,2025-03-07T00:44:00
9147136,53.864655,5.045863,2025-03-08T00:41:00
9147136,57.934761,4.898700,2025-03-09T00:20:00
9147136,61.842388,4.563017,2025-03-10T00:07:00
9147136,63.319489,9.144343,2025-03-11T00:03:00
9147136,63.319420,9.144205,2025-03-12T00:57:00
9147136,61.804760,4.600352,2025-03-13T00:52:00
9147136,61.669258,4.972692,2025-03-14T00:51:00
9147136,58.391014,4.251235,2025-03-15T00:44:00
9147136,54.128227,3.169330,2025-03-16T01:28:00
9147136,52.042599,1.158478,2025-03-17T00:55:00
9147136,51.922047,2.965400,2025-03-18T00:06:00
9147136,51.797493,4.638577,2025-03-19T00:04:00
9147136,53.061588,4.412423,2025-03-20T00:04:00
9147136,57.135139,5.159270,2025-03-21T00:32:00
9147136,61.381508,4.420017,2025-03-22T00:41:00
9147136,63.319572,9.144247,2025-03-23T04:55:00
9147136,63.319382,9.143813,2025-03-24T00:34:00
9147136,63.178173,7.171969,2025-03-25T00:23:00
9147136,60.994099,4.447583,2025-03-26T00:09:00
9147136,60.700661,5.553432,2025-03-27T00:23:00
9147136,58.343086,5.621483,2025-03-28T00:20:00
9147136,56.671494,8.222219,2025-03-29T00:18:00
9147136,58.693253,5.275740,2025-03-30T00:06:00
9147136,60.850574,5.069650,2025-03-31T00:59:00
9147136,58.123947,4.164347,2025-04-01T00:56:00
9147136,54.008327,3.155685,2025-04-02T00:34:00
9147136,52.023033,1.167797,2025-04-03T00:25:00
9147136,51.910095,2.602565,2025-04-04T00:20:00
9147136,51.946880,4.076740,2025-04-05T00:23:00
9147136,52.402500,3.881787,2025-04-06T00:45:00
9147136,56.015186,5.219335,2025-04-07T00:11:00
9147136,59.954941,4.612817,2025-04-08T00:21:00
9147136,63.221107,7.858587,2025-04-09T00:12:00
9147136,63.319412,9.144013,2025-04-10T01:23:00
9147136,63.288727,8.208907,2025-04-11T00:50:00
9147136,61.100632,4.419637,2025-04-12T00:35:00
9147136,60.700268,5.554894,2025-04-13T00:07:00
9147136,58.689579,5.141930,2025-04-14T00:11:00
9147136,56.671432,8.222248,2025-04-15T00:00:00
9147136,58.733566,9.644261,2025-04-16T00:50:00
9147136,58.419209,9.102632,2025-04-17T00:47:00
9147136,55.340767,4.852548,2025-04-18T00:58:00
9147136,52.630074,2.282940,2025-04-19T00:57:00
9147136,52.032150,1.159577,2025-04-20T00:53:00
9147136,52.032173,1.159513,2025-04-21T00:53:00
9147136,51.797493,4.638572,2025-04-22T00:46:00
9147136,51.820946,4.560155,2025-04-23T00:46:00
9147136,55.339420,5.333670,2025-04-24T00:08:00
9147136,59.107960,4.668714,2025-04-25T00:45:00
9147136,62.823467,6.117865,2025-04-26T00:44:00
9147136,63.319355,9.143907,2025-04-27T00:36:00
9147136,63.328873,9.139123,2025-04-28T00:31:00
9147136,60.920601,4.460782,2025-04-29T00:17:00
9147136,60.080719,4.916775,2025-04-30T00:30:00
9147136,56.191174,6.200097,2025-05-01T00:20:00
9147136,53.720966,8.273597,2025-05-02T00:07:00
9147136,53.531799,8.578221,2025-05-03T00:37:00
9147136,57.018967,6.214373,2025-05-04T06:54:00
9147136,59.288387,4.675030,2025-05-05T00:50:00
9147136,61.669132,4.972815,2025-05-06T00:40:00
9147136,59.108227,4.386480,2025-05-07T00:33:00
9147136,54.684601,3.255243,2025-05-08T02:33:00
9147136,52.043282,1.159280,2025-05-09T00:02:00
9147136,51.371845,2.573498,2025-05-10T00:01:00
9147136,51.166473,3.793832,2025-05-11T00:58:00
9147136,50.476807,-0.683747,2025-05-12T00:41:00
9147136,50.630653,-6.075630,2025-05-13T00:23:00
9147136,52.261192,-7.036717,2025-05-14T00:31:00
9147136,51.654079,-5.968612,2025-05-15T00:28:00
9147136,51.616127,-3.914087,2025-05-16T00:30:00
9147136,51.045593,-4.689930,2025-05-17T00:17:00
9147136,50.283596,-1.822413,2025-05-18T00:57:00
9147136,51.364040,2.910928,2025-05-19T00:42:00
9147136,51.313488,3.831720,2025-05-20T00:42:00
9147136,51.313618,3.831813,2025-05-21T00:48:00
9321407,58.307747,5.277890,2024-11-22T05:17:00
9321407,57.584042,11.207005,2024-11-23T00:17:00
9321407,55.453987,12.196778,2024-11-24T00:25:00
9321407,56.161846,15.631358,2024-11-25T00:30:00
9321407,55.046070,13.949810,2024-11-26T00:36:00
9321407,54.637901,11.386758,2024-11-27T00:21:00
9321407,56.162022,15.631270,2024-11-28T00:29:00
9321407,54.913345,13.316508,2024-11-29T00:30:00
9321407,54.637924,11.386599,2024-11-30T00:05:00
9321407,58.338287,10.344367,2024-12-01T00:17:00
9321407,58.291885,9.081813,2024-12-02T00:17:00
9321407,52.983982,2.421227,2024-12-03T17:47:00
9321407,51.943195,1.506900,2024-12-04T00:42:00
9321407,51.351757,2.067735,2024-12-05T00:24:00
9321407,51.166389,3.793857,2024-12-06T00:39:00
9321407,51.166397,3.793790,2024-12-07T00:12:00
9321407,51.166424,3.793817,2024-12-08T00:27:00
9321407,51.082829,3.734632,2024-12-09T00:48:00
9321407,51.082779,3.734630,2024-12-10T00:08:00
9321407,51.416222,1.445758,2024-12-11T00:09:00
9321407,51.467480,0.257428,2024-12-12T00:45:00
9321407,50.387985,-1.481645,2024-12-13T00:37:00
9321407,51.127132,-4.474432,2024-12-14T00:21:00
9321407,51.512833,-2.700150,2024-12-15T00:26:00
9321407,51.215698,-3.376588,2024-12-16T00:30:00
9321407,51.512020,-2.700880,2024-12-17T00:46:00
9321407,51.512028,-2.700815,2024-12-18T00:07:00
9321407,51.512035,-2.700892,2024-12-19T00:31:00
9321407,51.404076,-4.000085,2024-12-20T00:26:00
9321407,52.260361,-7.037242,2024-12-21T00:46:00
9321407,52.260399,-7.037292,2024-12-22T00:54:00
9321407,49.904205,-4.966377,2024-12-23T00:44:00
9321407,50.727654,1.339130,2024-12-24T00:33:00
9321407,53.963085,5.058148,2024-12-25T00:40:00
9321407,57.284267,8.042653,2024-12-26T00:22:00
9321407,59.490326,10.382100,2024-12-27T00:20:00
9321407,59.490368,10.382127,2024-12-28T00:05:00
9321407,56.847965,12.408218,2024-12-29T00:04:00
9321407,56.890907,12.484373,2024-12-30T00:28:00
9321407,56.890961,12.484471,2024-12-31T00:55:00
9321407,56.890892,12.484352,2025-01-01T00:12:00
9321407,56.890926,12.484458,2025-01-02T00:42:00
9321407,56.890934,12.484468,2025-01-03T00:24:00
9321407,56.890972,12.484468,2025-01-04T00:48:00
9321407,56.890942,12.484464,2025-01-05T00:57:00
9321407,56.890934,12.484425,2025-01-06T00:47:00
9321407,56.889046,12.478478,2025-01-07T00:15:00
9321407,56.889080,12.478535,2025-01-08T00:22:00
9321407,56.889080,12.478568,2025-01-09T00:45:00
9321407,56.889072,12.478550,2025-01-10T00:10:00
9321407,55.483513,12.442801,2025-01-11T00:10:00
9321407,55.483406,12.442159,2025-01-12T00:36:00
9321407,55.486198,12.442712,2025-01-13T00:08:00
9321407,55.600716,12.485480,2025-01-14T00:27:00
9321407,55.970028,12.708273,2025-01-15T00:46:00
9321407,58.880054,9.421875,2025-01-16T00:46:00
9321407,58.343987,10.322085,2025-01-17T00:57:00
9321407,55.042301,9.426059,2025-01-18T00:47:00
9321407,54.772675,12.858290,2025-01-19T00:08:00
9321407,57.438412,20.723965,2025-01-20T00:58:00
9321407,57.326591,23.230247,2025-01-21T00:15:00
9321407,57.333698,23.136141,2025-01-22T00:41:00
9321407,56.497189,17.560553,2025-01-23T00:56:00
9321407,55.474773,12.517007,2025-01-24T00:57:00
9321407,55.600830,12.483490,2025-01-25T00:42:00
9321407,55.600864,12.483510,2025-01-26T00:18:00
9321407,55.549541,14.801310,2025-01-27T00:19:00
9321407,56.161228,15.632140,2025-01-28T00:25:00
9321407,54.909653,13.232536,2025-01-29T00:32:00
9321407,54.592972,10.895601,2025-01-30T00:40:00
9321407,53.762539,6.053093,2025-01-31T00:19:00
9321407,52.456974,4.147627,2025-02-01T00:59:00
9321407,52.457775,4.146673,2025-02-02T00:46:00
9321407,52.457779,4.147645,2025-02-03T00:23:00
9321407,52.473007,4.608112,2025-02-04T00:42:00
9321407,52.472382,4.607365,2025-02-05T00:53:00
9321407,52.169952,2.984923,2025-02-06T00:59:00
9321407,50.166908,-3.148628,2025-02-07T00:45:00
9321407,51.529274,-2.973637,2025-02-08T00:29:00
9321407,51.555779,-2.983268,2025-02-09T00:40:00
9321407,51.558159,-2.977900,2025-02-10T00:48:00
9321407,50.634098,-5.417187,2025-02-11T00:47:00
9321407,50.332169,-0.273900,2025-02-12T00:35:00
9321407,53.469948,0.689665,2025-02-13T00:20:00
9321407,54.586872,-1.238470,2025-02-14T00:17:00
9321407,54.237522,-0.107173,2025-02-15T00:24:00
9321407,52.416317,4.815397,2025-02-16T00:27:00
9321407,52.416332,4.815397,2025-02-17T00:39:00
9321407,52.430218,3.455443,2025-02-18T00:51:00
9321407,51.467522,0.257418,2025-02-19T00:54:00
9321407,52.416492,4.815242,2025-02-20T00:50:00
9321407,51.506657,1.638315,2025-02-21T00:53:00
9321407,51.467514,0.257395,2025-02-22T00:18:00
9321407,51.166458,3.793838,2025-02-23T00:12:00
9321407,53.004353,1.502543,2025-02-24T00:10:00
9321407,53.314968,0.611305,2025-02-25T00:21:00
9321407,51.045681,2.288045,2025-02-26T00:27:00
9321407,51.045685,2.287948,2025-02-27T00:38:00
9321407,51.045685,2.287930,2025-02-28T00:45:00
9321407,51.413811,1.460433,2025-03-01T00:46:00
9321407,51.413647,1.459470,2025-03-02T00:04:00
9321407,51.412777,1.459362,2025-03-03T00:17:00
9321407,51.459602,0.348915,2025-03-04T00:38:00
9321407,51.891602,4.302647,2025-03-05T00:38:00
9321407,51.990635,4.056992,2025-03-06T00:58:00
9321407,52.007282,1.203497,2025-03-07T00:48:00
9321407,51.294670,3.835372,2025-03-08T00:48:00
9321407,51.166470,3.793792,2025-03-09T00:55:00
9321407,53.549103,0.210902,2025-03-10T00:45:00
9321407,53.740177,-0.261123,2025-03-11T00:14:00
9321407,54.285912,-0.218213,2025-03-12T00:17:00
9321407,54.908062,-1.358048,2025-03-13T00:16:00
9321407,55.914753,3.929707,2025-03-14T08:53:00
9321407,57.420193,8.755020,2025-03-15T00:43:00
9321407,57.049015,10.064672,2025-03-16T00:40:00
9321407,59.130833,9.625089,2025-03-17T00:41:00
9321407,58.119801,8.884388,2025-03-18T00:52:00
9321407,54.581039,5.416025,2025-03-19T00:47:00
9321407,51.514503,2.084115,2025-03-20T00:29:00
9321407,51.680779,2.485023,2025-03-21T00:35:00
9321407,52.472347,4.607332,2025-03-22T00:43:00
9321407,52.472370,4.607367,2025-03-23T00:55:00
9321407,52.033562,2.764322,2025-03-24T00:09:00
9321407,50.152912,-3.172733,2025-03-25T00:49:00
9321407,51.279411,-4.040194,2025-03-26T00:32:00
9321407,51.555691,-2.983412,2025-03-27T00:43:00
9321407,51.155674,-4.418778,2025-03-28T00:51:00
9321407,50.269798,-1.736413,2025-03-29T00:37:00
9321407,52.468082,4.595013,2025-03-30T00:24:00
9321407,52.416611,4.815233,2025-03-31T00:53:00
9321407,52.170010,2.938350,2025-04-01T00:27:00
9321407,50.323097,-1.805172,2025-04-02T00:13:00
9321407,50.974064,-4.839563,2025-04-03T00:55:00
9321407,51.585457,-3.786315,2025-04-04T00:56:00
9321407,51.507725,-2.722430,2025-04-05T00:52:00
9321407,51.512081,-2.700860,2025-04-06T00:55:00
9321407,51.512058,-2.700845,2025-04-07T00:18:00
9321407,51.312393,-3.309638,2025-04-08T00:25:00
9321407,51.541458,-3.948450,2025-04-09T00:34:00
9321407,51.584179,-3.797907,2025-04-10T00:02:00
9321407,50.018970,-4.284885,2025-04-11T00:49:00
9321407,50.844761,1.386360,2025-04-12T00:34:00
9321407,52.032162,1.159633,2025-04-13T00:35:00
9321407,52.032154,1.159648,2025-04-14T00:11:00
9321407,52.032154,1.159660,2025-04-15T00:36:00
9321407,51.360508,3.010643,2025-04-16T00:36:00
9321407,51.089714,3.735645,2025-04-17T00:46:00
9321407,51.089752,3.735667,2025-04-18T00:13:00
9321407,51.004070,2.177700,2025-04-19T00:14:00
9321407,51.004013,2.177603,2025-04-20T00:29:00
9321407,50.396420,-1.266492,2025-04-21T00:28:00
9321407,50.538940,-5.495955,2025-04-22T00:13:00
9321407,51.512039,-2.700860,2025-04-23T00:16:00
9321407,51.317734,-3.310195,2025-04-24T00:28:00
9321407,51.214527,-3.378607,2025-04-25T00:37:00
9321407,51.540421,-3.946772,2025-04-26T00:51:00
9321407,51.585236,-3.787400,2025-04-27T00:05:00
9321407,51.585197,-3.787383,2025-04-28T00:32:00
9321407,53.747860,-5.342367,2025-04-29T00:20:00
9321407,55.868351,-4.351580,2025-04-30T00:11:00
9321407,55.868408,-4.351600,2025-05-01T00:24:00
9321407,55.868832,-4.351710,2025-05-02T00:29:00
9321407,55.868481,-4.351600,2025-05-03T00:28:00
9321407,54.647820,-5.860247,2025-05-04T00:29:00
9321407,54.616692,-5.911258,2025-05-05T00:42:00
9321407,54.616692,-5.911278,2025-05-06T00:50:00
9321407,55.819637,-7.062012,2025-05-07T00:02:00
9321407,58.911541,-2.401145,2025-05-08T00:48:00
9321407,60.173901,3.780740,2025-05-09T00:56:00
9321407,60.113239,6.555225,2025-05-10T00:02:00
9321407,57.724339,6.710132,2025-05-11T00:03:00
9321407,57.829346,10.756572,2025-05-12T00:58:00
9321407,54.638378,11.375294,2025-05-13T00:50:00
9321407,55.695068,10.798264,2025-05-14T00:23:00
9321407,57.784801,7.510667,2025-05-15T00:15:00
9321407,57.692513,7.877957,2025-05-16T00:37:00
9321407,56.132854,12.477609,2025-05-17T00:25:00
9321407,55.718678,12.632709,2025-05-18T00:34:00
9321407,55.299892,14.499614,2025-05-19T00:30:00
9321407,55.126530,14.135368,2025-05-20T00:29:00
9321407,54.637905,11.386632,2025-05-21T00:35:00
9433389,51.498432,0.655997,2024-11-22T05:45:00
9433389,52.417728,4.814602,2024-11-23T00:48:00
9433389,52.412907,3.590877,2024-11-24T00:57:00
9433389,51.467525,0.257455,2024-11-25T00:55:00
9433389,51.467533,0.257443,2024-11-26T00:49:00
9433389,52.206303,3.273822,2024-11-27T00:42:00
9433389,53.126667,8.718298,2024-11-28T00:37:00
9433389,53.313541,8.490448,2024-11-29T00:02:00
9433389,54.496632,0.571022,2024-11-30T04:58:00
9433389,54.443752,-0.457882,2024-12-01T00:54:00
9433389,51.045025,2.284145,2024-12-02T00:45:00
9433389,51.047329,1.990242,2024-12-03T00:43:00
9433389,51.467522,0.257472,2024-12-04T00:38:00
9433389,51.332352,2.554750,2024-12-05T00:04:00
9433389,51.449501,3.705528,2024-12-06T00:06:00
9433389,51.047401,1.396900,2024-12-07T00:10:00
9433389,50.407505,-2.116535,2024-12-08T00:57:00
9433389,51.014458,-5.876667,2024-12-09T00:42:00
9433389,55.191917,-6.001468,2024-12-10T00:30:00
9433389,55.042885,-7.261400,2024-12-11T00:32:00
9433389,55.042892,-7.261400,2024-12-12T00:35:00
9433389,56.451488,-5.539305,2024-12-13T00:29:00
9433389,56.568352,-5.531697,2024-12-14T00:30:00
9433389,54.588402,-4.786183,2024-12-15T00:16:00
9433389,54.097858,-3.222418,2024-12-16T00:12:00
9433389,54.697834,-5.679712,2024-12-17T00:09:00
9433389,55.965546,-4.868175,2024-12-18T00:13:00
9433389,55.871788,-4.350662,2024-12-19T00:19:00
9433389,54.724388,-5.743502,2024-12-20T00:21:00
9433389,55.929775,-4.531132,2024-12-21T00:19:00
9433389,55.938053,-4.674672,2024-12-22T00:24:00
9433389,55.517921,-5.907523,2024-12-23T00:21:00
9433389,58.717999,-2.789330,2024-12-24T00:48:00
9433389,59.396225,5.271015,2024-12-25T00:08:00
9433389,59.371441,6.045064,2024-12-26T00:25:00
9433389,59.377052,6.045483,2024-12-27T00:37:00
9433389,57.484180,10.742810,2024-12-28T00:26:00
9433389,54.868103,10.908896,2024-12-29T00:46:00
9433389,54.831314,11.125583,2024-12-30T00:54:00
9433389,57.863308,10.215312,2024-12-31T00:36:00
9433389,58.329628,6.257827,2025-01-01T00:48:00
9433389,58.329781,6.257787,2025-01-02T01:00:00
9433389,55.750404,6.142398,2025-01-03T01:33:00
9433389,53.455975,6.826177,2025-01-04T00:58:00
9433389,53.561852,5.047502,2025-01-05T00:39:00
9433389,50.569729,0.202955,2025-01-06T00:29:00
9433389,49.338287,-4.586488,2025-01-07T00:19:00
9433389,44.662247,-6.036657,2025-01-08T05:46:00
9433389,43.582668,-5.923545,2025-01-09T00:49:00
9433389,47.177414,-5.907652,2025-01-10T14:23:00
9433389,48.841034,-5.357147,2025-01-11T00:33:00
9433389,50.554752,1.014698,2025-01-12T00:39:00
9433389,55.148041,3.040683,2025-01-13T02:38:00
9433389,59.101635,3.815158,2025-01-14T00:41:00
9433389,63.143921,7.138378,2025-01-15T00:48:00
9433389,63.319408,9.143963,2025-01-16T00:18:00
9433389,61.497368,4.449235,2025-01-17T00:14:00
9433389,60.487026,5.245238,2025-01-18T00:51:00
9433389,57.057472,3.793378,2025-01-19T00:46:00
9433389,52.690128,2.313842,2025-01-20T00:04:00
9433389,51.115486,1.322268,2025-01-21T00:05:00
9433389,51.434101,2.624610,2025-01-22T00:05:00
9433389,51.432461,2.627512,2025-01-23T00:05:00
9433389,51.466148,2.642442,2025-01-24T00:05:00
9433389,51.166443,3.793795,2025-01-25T00:01:00
9433389,51.999241,2.892137,2025-01-26T00:07:00
9433389,53.740433,-0.263480,2025-01-27T00:34:00
9433389,53.276054,0.668968,2025-01-28T00:18:00
9433389,51.045185,2.284870,2025-01-29T00:20:00
9433389,51.506561,0.976507,2025-01-30T00:19:00
9433389,51.467495,0.257503,2025-01-31T00:16:00
9433389,52.416302,4.815437,2025-02-01T00:10:00
9433389,51.822868,2.281948,2025-02-02T00:09:00
9433389,51.467499,0.257480,2025-02-03T00:00:00
9433389,52.472614,4.604223,2025-02-04T00:51:00
9433389,52.472610,4.604243,2025-02-05T00:06:00
9433389,50.467800,-0.701800,2025-02-06T00:57:00
9433389,50.749905,-5.143611,2025-02-07T00:45:00
9433389,51.466331,-3.150100,2025-02-08T00:36:00
9433389,51.466331,-3.150100,2025-02-09T00:36:00
9433389,51.467281,-3.148330,2025-02-10T00:36:00
9433389,51.298634,-3.575112,2025-02-11T00:31:00
9433389,51.301655,-3.536108,2025-02-12T00:45:00
9433389,51.213573,-3.384000,2025-02-13T00:44:00
9433389,51.304985,-3.591332,2025-02-14T00:39:00
9433389,51.460739,-4.075215,2025-02-15T00:37:00
9433389,51.617474,-3.922750,2025-02-16T00:33:00
9433389,51.617485,-3.922765,2025-02-17T00:24:00
9433389,51.127068,-4.647962,2025-02-18T00:28:00
9433389,50.230785,-1.945788,2025-02-19T00:14:00
9433389,51.894146,4.322633,2025-02-20T00:05:00
9433389,51.946938,4.076800,2025-02-21T00:08:00
9433389,53.132023,4.487235,2025-02-22T00:17:00
9433389,57.680866,4.707240,2025-02-23T00:20:00
9433389,62.345959,5.210814,2025-02-24T00:19:00
9433389,63.318954,9.142537,2025-02-25T00:34:00
9433389,62.891407,6.353035,2025-02-26T00:20:00
9433389,60.882812,6.841597,2025-02-27T09:51:00
9433389,60.667095,3.362073,2025-02-28T00:52:00
9433389,59.106812,-4.047226,2025-03-01T00:05:00
9433389,55.732235,-5.995049,2025-03-02T00:11:00
9433389,51.492352,-4.818715,2025-03-03T00:44:00
9433389,51.512066,-2.700898,2025-03-04T00:41:00
9433389,51.512085,-2.700900,2025-03-05T00:50:00
9433389,51.212307,-3.156175,2025-03-06T00:23:00
9433389,51.511101,-2.700008,2025-03-07T00:33:00
9433389,51.212326,-3.156208,2025-03-08T00:44:00
9433389,51.512093,-2.700895,2025-03-09T00:50:00
9433389,51.512066,-2.700898,2025-03-10T00:53:00
9433389,51.223804,-3.376145,2025-03-11T00:56:00
9433389,51.539860,-3.954840,2025-03-12T00:03:00
9433389,51.617584,-3.922825,2025-03-13T00:11:00
9433389,50.082512,-3.719245,2025-03-14T00:00:00
9433389,51.602188,2.430735,2025-03-15T00:47:00
9433389,51.894283,4.446997,2025-03-16T00:01:00
9433389,52.422188,3.938527,2025-03-17T00:00:00
9433389,52.415279,4.815474,2025-03-18T00:07:00
9433389,50.488998,-0.525842,2025-03-19T00:55:00
9433389,50.802074,-5.135592,2025-03-20T00:41:00
9433389,51.616627,-3.917835,2025-03-21T00:40:00
9433389,51.616493,-3.920343,2025-03-22T00:43:00
9433389,51.453697,-3.918567,2025-03-23T00:48:00
9433389,51.512058,-2.700913,2025-03-24T00:46:00
9433389,51.541405,-3.940817,2025-03-25T00:42:00
9433389,51.617496,-3.922763,2025-03-26T00:49:00
9433389,51.617527,-3.922765,2025-03-27T00:58:00
9433389,50.146461,-3.158848,2025-03-28T00:44:00
9433389,51.783070,2.802943,2025-03-29T00:33:00
9433389,51.980587,2.798422,2025-03-30T00:35:00
9433389,50.740032,1.538658,2025-03-31T00:46:00
9433389,50.724415,1.573083,2025-04-01T00:56:00
9433389,52.421665,3.980717,2025-04-02T00:52:00
9433389,52.424000,3.976833,2025-04-03T00:53:00
9433389,52.473331,4.605834,2025-04-04T01:01:00
9433389,52.473560,4.603958,2025-04-05T00:16:00
9433389,51.128170,3.768158,2025-04-06T00:09:00
9433389,51.128166,3.768152,2025-04-07T00:32:00
9433389,51.331760,3.814618,2025-04-08T00:54:00
9433389,50.177666,-3.170203,2025-04-09T00:40:00
9433389,53.080471,-5.571482,2025-04-10T00:26:00
9433389,54.622490,-5.902494,2025-04-11T00:26:00
9433389,53.714355,-5.363082,2025-04-12T00:28:00
9433389,51.617565,-3.922810,2025-04-13T00:18:00
9433389,51.617558,-3.922817,2025-04-14T00:21:00
9433389,50.943562,-4.968894,2025-04-15T00:27:00
9433389,50.274879,-1.056492,2025-04-16T00:12:00
9433389,51.894333,4.447000,2025-04-17T00:00:00
9433389,51.894306,4.446998,2025-04-18T00:19:00
9433389,51.288666,3.837500,2025-04-19T00:12:00
9433389,51.355103,2.218950,2025-04-20T00:05:00
9433389,51.467522,0.257498,2025-04-21T00:54:00
9433389,51.044926,2.283740,2025-04-22T00:45:00
9433389,51.403667,1.561167,2025-04-23T00:38:00
9433389,51.518032,1.627432,2025-04-24T00:31:00
9433389,56.016827,4.540447,2025-04-25T00:38:00
9433389,58.329418,6.257812,2025-04-26T00:26:00
9433389,54.453415,7.309713,2025-04-27T00:35:00
9433389,53.631107,8.448207,2025-04-28T00:34:00
9433389,53.594444,8.516499,2025-04-29T00:46:00
9433389,51.904335,2.483000,2025-04-30T00:35:00
9433389,51.467514,0.257477,2025-05-01T00:29:00
9433389,51.797241,4.638407,2025-05-02T00:23:00
9433389,51.971333,1.553832,2025-05-03T00:19:00
9433389,51.001678,1.318552,2025-05-04T00:22:00
9433389,50.018200,-4.422637,2025-05-05T00:06:00
9433389,51.457253,-2.929818,2025-05-06T00:49:00
9433389,51.512058,-2.700853,2025-05-07T00:56:00
9433389,51.512074,-2.700890,2025-05-08T00:02:00
9433389,51.215431,-3.377147,2025-05-09T00:00:00
9433389,51.546200,-3.952497,2025-05-10T00:59:00
9433389,50.676510,-5.412672,2025-05-11T00:56:00
9433389,50.278999,-1.461108,2025-05-12T00:38:00
9433389,52.339859,3.469637,2025-05-13T00:27:00
9433389,56.038261,7.039317,2025-05-14T00:29:00
9433389,56.402439,11.016497,2025-05-15T00:19:00
9433389,56.648167,10.957666,2025-05-16T00:22:00
9433389,57.677502,10.795167,2025-05-17T00:31:00
9433389,54.819000,5.779167,2025-05-18T00:49:00
9433389,52.416428,4.815227,2025-05-19T00:47:00
9433389,52.416420,4.815229,2025-05-20T00:56:00
9433389,51.493156,0.842852,2025-05-21T00:54:00
9904766,59.104954,9.582813,2024-11-22T05:21:00
9904766,57.739094,8.867008,2024-11-23T00:18:00
9904766,54.687870,7.160996,2024-11-24T00:26:00
9904766,53.323101,6.948310,2024-11-25T00:15:00
9904766,53.883789,6.385109,2024-11-26T00:19:00
9904766,57.356915,8.562055,2024-11-27T00:30:00
9904766,59.104855,9.583239,2024-11-28T00:27:00
9904766,57.824860,8.961988,2024-11-29T00:29:00
9904766,54.452045,6.461783,2024-11-30T00:27:00
9904766,53.323086,6.948320,2024-12-01T00:50:00
9904766,55.665226,7.360747,2024-12-02T00:55:00
9904766,59.104855,9.583201,2024-12-03T00:49:00
9904766,59.105373,9.582067,2024-12-04T01:04:00
9904766,59.121532,9.563860,2024-12-05T00:12:00
9904766,57.939526,7.779913,2024-12-06T00:07:00
9904766,58.329308,6.257903,2024-12-07T00:13:00
9904766,56.331245,7.243856,2024-12-08T00:38:00
9904766,54.044834,8.123155,2024-12-09T00:03:00
9904766,53.925468,8.670466,2024-12-10T00:20:00
9904766,53.323086,6.948277,2024-12-11T00:23:00
9904766,54.239025,6.365937,2024-12-12T00:17:00
9904766,57.935173,9.176492,2024-12-13T00:49:00
9904766,59.104927,9.582795,2024-12-14T00:49:00
9904766,57.229267,7.487872,2024-12-15T00:42:00
9904766,53.315941,6.986637,2024-12-16T00:40:00
9904766,53.323078,6.948310,2024-12-17T00:41:00
9904766,55.263691,7.096657,2024-12-18T00:15:00
9904766,58.984932,9.769415,2024-12-19T00:40:00
9904766,59.104935,9.582820,2024-12-20T00:03:00
9904766,55.946865,7.462642,2024-12-21T00:52:00
9904766,53.322708,6.949904,2024-12-22T00:36:00
9904766,53.322708,6.949915,2024-12-23T00:36:00
9904766,55.507767,7.271315,2024-12-24T10:10:00
9904766,57.678261,8.908662,2024-12-25T00:08:00
9904766,59.104935,9.582831,2024-12-26T00:03:00
9904766,57.101627,8.301563,2024-12-27T00:06:00
9904766,53.632202,6.205522,2024-12-28T00:02:00
9904766,53.633839,6.206793,2024-12-29T00:08:00
9904766,53.323101,6.948292,2024-12-30T00:13:00
9904766,54.977093,6.895170,2024-12-31T01:38:00
9904766,58.074013,9.297751,2025-01-01T00:03:00
9904766,59.104935,9.582827,2025-01-02T00:00:00
9904766,56.851601,8.132508,2025-01-03T00:51:00
9904766,53.844975,6.345625,2025-01-04T00:54:00
9904766,53.323086,6.948260,2025-01-05T00:52:00
9904766,55.923973,7.557213,2025-01-06T00:41:00
9904766,59.051292,9.685193,2025-01-07T00:32:00
9904766,59.104832,9.583195,2025-01-08T00:00:00
9904766,56.155300,7.772018,2025-01-09T00:50:00
9904766,53.633854,6.210424,2025-01-10T00:28:00
9904766,53.323067,6.948299,2025-01-11T00:29:00
9904766,53.913631,6.387410,2025-01-12T00:34:00
9904766,57.610859,8.810777,2025-01-13T00:08:00
9904766,59.104855,9.583201,2025-01-14T00:11:00
9904766,59.121468,9.563722,2025-01-15T00:36:00
9904766,57.749386,8.885940,2025-01-16T00:34:00
9904766,54.323898,6.408070,2025-01-17T00:19:00
9904766,53.323078,6.948273,2025-01-18T00:22:00
9904766,54.904484,6.872905,2025-01-19T00:28:00
9904766,58.247013,9.485537,2025-01-20T00:13:00
9904766,59.104935,9.582820,2025-01-21T00:10:00
9904766,56.601158,7.950851,2025-01-22T00:02:00
9904766,53.323078,6.948320,2025-01-23T00:10:00
9904766,53.323082,6.948312,2025-01-24T00:18:00
9904766,56.049465,7.648809,2025-01-25T00:17:00
9904766,59.099159,9.633331,2025-01-26T00:04:00
9904766,59.104855,9.583201,2025-01-27T00:07:00
9904766,58.730167,9.693282,2025-01-28T00:06:00
9904766,55.398827,7.177842,2025-01-29T00:07:00
9904766,53.323078,6.948337,2025-01-30T00:06:00
9904766,54.791405,6.757245,2025-01-31T00:26:00
9904766,57.998306,9.236016,2025-02-01T00:35:00
9904766,59.104935,9.582827,2025-02-02T00:39:00
9904766,56.649113,7.975778,2025-02-03T00:34:00
9904766,53.649460,6.192697,2025-02-04T00:00:00
9904766,53.318832,6.974797,2025-02-05T00:08:00
9904766,56.827042,8.069850,2025-02-06T00:55:00
9904766,59.096428,9.638262,2025-02-07T00:49:00
9904766,59.104919,9.582804,2025-02-08T00:49:00
9904766,56.415592,7.846098,2025-02-09T00:39:00
9904766,53.323074,6.948309,2025-02-10T00:51:00
9904766,53.842361,6.384985,2025-02-11T00:57:00
9904766,56.383774,7.857742,2025-02-12T00:21:00
9904766,59.104855,9.583201,2025-02-13T00:14:00
9904766,58.816460,9.733137,2025-02-14T00:25:00
9904766,54.602196,6.582778,2025-02-15T01:24:00
9904766,53.323059,6.948347,2025-02-16T00:22:00
9904766,53.476559,6.844072,2025-02-17T00:23:00
9904766,57.024879,8.238317,2025-02-18T00:30:00
9904766,59.104839,9.583259,2025-02-19T00:22:00
9904766,59.104939,9.582802,2025-02-20T00:34:00
9904766,58.338814,8.807834,2025-02-21T00:33:00
9904766,58.327854,6.257060,2025-02-22T00:28:00
9904766,57.221527,6.481340,2025-02-23T00:29:00
9904766,53.892056,7.710168,2025-02-24T00:56:00
9904766,53.873280,7.591445,2025-02-25T00:57:00
9904766,53.323074,6.948290,2025-02-26T00:52:00
9904766,55.565815,7.312793,2025-02-27T00:11:00
9904766,59.042912,9.718144,2025-02-28T00:00:00
9904766,59.104935,9.582824,2025-03-01T00:02:00
9904766,55.848255,7.546520,2025-03-02T00:50:00
9904766,53.323090,6.948327,2025-03-03T00:56:00
9904766,53.478607,6.840977,2025-03-04T00:06:00
9904766,56.916019,8.152247,2025-03-05T00:10:00
9904766,59.112492,9.578733,2025-03-06T00:03:00
9904766,59.104919,9.582817,2025-03-07T00:29:00
9904766,56.674999,7.992863,2025-03-08T00:22:00
9904766,53.323059,6.948340,2025-03-09T00:45:00
9904766,54.173229,6.367907,2025-03-10T00:47:00
9904766,57.567242,8.784855,2025-03-11T00:18:00
9904766,59.104847,9.583226,2025-03-12T00:14:00
9904766,58.285732,9.370855,2025-03-13T00:17:00
9904766,54.329762,6.404235,2025-03-14T01:35:00
9904766,53.323086,6.948290,2025-03-15T00:44:00
9904766,55.493523,7.242480,2025-03-16T01:12:00
9904766,58.447933,9.666812,2025-03-17T00:04:00
9904766,59.104855,9.583260,2025-03-18T00:10:00
9904766,56.111546,7.753097,2025-03-19T00:58:00
9904766,53.323078,6.948309,2025-03-20T00:48:00
9904766,53.370094,6.973768,2025-03-21T00:00:00
9904766,57.038475,8.246355,2025-03-22T00:53:00
9904766,59.111732,9.572973,2025-03-23T00:51:00
9904766,59.104855,9.583228,2025-03-24T00:52:00
9904766,58.375732,9.468345,2025-03-25T00:49:00
9904766,54.653465,6.622120,2025-03-26T00:40:00
9904766,53.323093,6.948313,2025-03-27T00:42:00
9904766,55.578590,7.324255,2025-03-28T00:02:00
9904766,59.104839,9.583220,2025-03-29T00:54:00
9904766,58.965168,9.767821,2025-03-30T00:53:00
9904766,55.512520,7.281205,2025-03-31T00:38:00
9904766,53.323090,6.948313,2025-04-01T00:09:00
9904766,53.323101,6.948310,2025-04-02T00:19:00
9904766,53.323082,6.948315,2025-04-03T00:33:00
9904766,56.691093,7.958050,2025-04-04T00:27:00
9904766,59.104855,9.583230,2025-04-05T00:20:00
9904766,58.152672,9.266936,2025-04-06T00:15:00
9904766,54.000072,6.341242,2025-04-07T00:38:00
9904766,53.323093,6.948333,2025-04-08T00:38:00
9904766,55.973179,7.597305,2025-04-09T00:40:00
9904766,59.121479,9.563777,2025-04-10T00:25:00
9904766,59.104839,9.583195,2025-04-11T00:27:00
9904766,58.686226,9.685705,2025-04-12T00:27:00
9904766,54.975811,6.838944,2025-04-13T00:10:00
9904766,53.323101,6.948335,2025-04-14T00:04:00
9904766,53.618725,6.421100,2025-04-15T00:10:00
9904766,57.237873,8.453624,2025-04-16T00:05:00
9904766,59.104839,9.583245,2025-04-17T00:57:00
9904766,57.599468,8.713498,2025-04-18T00:53:00
9904766,54.031681,6.340310,2025-04-19T00:01:00
9904766,53.323082,6.948309,2025-04-20T00:03:00
9904766,54.880177,6.830585,2025-04-21T00:56:00
9904766,58.270786,9.500260,2025-04-22T00:36:00
9904766,59.104961,9.582829,2025-04-23T00:33:00
9904766,56.056694,7.710612,2025-04-24T00:21:00
9904766,53.329639,6.937988,2025-04-25T00:27:00
9904766,53.957027,6.377695,2025-04-26T00:28:00
9904766,57.511368,8.730434,2025-04-27T00:12:00
9904766,59.112774,9.577443,2025-04-28T00:06:00
9904766,59.112339,9.577732,2025-04-29T00:06:00
9904766,59.104855,9.583214,2025-04-30T00:06:00
9904766,58.181541,8.504412,2025-05-01T00:06:00
9904766,58.323681,6.351433,2025-05-02T00:45:00
9904766,57.694580,7.817182,2025-05-03T00:28:00
9904766,55.274250,12.742233,2025-05-04T00:11:00
9904766,53.561787,14.591287,2025-05-05T00:12:00
9904766,53.561813,14.591269,2025-05-06T00:21:00
9904766,54.451328,13.878097,2025-05-07T00:38:00
9904766,57.841595,10.328015,2025-05-08T00:27:00
9904766,58.329872,6.257773,2025-05-09T00:22:00
9904766,58.329567,6.257838,2025-05-10T00:25:00
9904766,56.453228,6.639265,2025-05-11T00:11:00
9904766,53.901287,7.671720,2025-05-12T00:08:00
9904766,53.519657,8.145086,2025-05-13T00:17:00
9904766,53.329460,6.938140,2025-05-14T00:09:00
9904766,53.578205,6.633855,2025-05-15T00:06:00
9904766,56.802521,8.076529,2025-05-16T00:25:00
9904766,59.104858,9.583190,2025-05-17T00:16:00
9904766,58.317787,8.772543,2025-05-18T00:14:00
9904766,60.237507,5.159175,2025-05-19T00:57:00
9904766,59.793945,4.641380,2025-05-20T00:54:00
9904766,56.049126,6.372597,2025-05-21T00:05:00
9904869,60.402920,5.316412,2024-11-22T05:13:00
9904869,59.450787,4.371793,2024-11-23T00:14:00
9904869,54.885811,3.297340,2024-11-24T10:51:00
9904869,53.911079,2.452527,2024-11-25T01:06:00
9904869,52.042542,1.158427,2024-11-26T00:20:00
9904869,51.964279,4.144225,2024-11-27T00:15:00
9904869,52.054733,3.533377,2024-11-28T00:15:00
9904869,52.042934,1.158838,2024-11-29T00:01:00
9904869,51.215733,1.633963,2024-11-30T00:29:00
9904869,49.365353,-4.499717,2024-12-01T00:16:00
9904869,46.273586,-2.835335,2024-12-02T02:42:00
9904869,44.890415,-0.532907,2024-12-03T00:29:00
9904869,44.890423,-0.532910,2024-12-04T00:53:00
9904869,46.922749,-3.774375,2024-12-05T00:12:00
9904869,49.647678,-3.280923,2024-12-06T00:05:00
9904869,51.659348,1.986587,2024-12-07T00:49:00
9904869,56.016174,3.672343,2024-12-08T03:03:00
9904869,58.901352,4.140580,2024-12-09T00:50:00
9904869,62.616028,5.685707,2024-12-10T00:51:00
9904869,63.319614,9.144419,2024-12-11T00:57:00
9904869,62.426735,5.337565,2024-12-12T00:57:00
9904869,60.699986,5.554890,2024-12-13T00:13:00
9904869,57.102474,3.221788,2024-12-14T06:59:00
9904869,53.539024,2.924500,2024-12-15T07:18:00
9904869,52.042515,1.158408,2024-12-16T00:22:00
9904869,51.363079,2.503580,2024-12-17T00:26:00
9904869,51.166321,3.793722,2024-12-18T00:28:00
9904869,51.408401,2.069063,2024-12-19T00:21:00
9904869,51.467545,0.257293,2024-12-20T00:18:00
9904869,51.055138,2.340633,2024-12-21T00:17:00
9904869,51.491440,0.850770,2024-12-22T00:20:00
9904869,51.467552,0.257302,2024-12-23T00:30:00
9904869,51.362282,2.648363,2024-12-24T00:34:00
9904869,51.166340,3.793787,2024-12-25T00:48:00
9904869,51.366978,3.753467,2024-12-26T00:08:00
9904869,50.164566,-3.087455,2024-12-27T00:54:00
9904869,51.787418,-6.740195,2024-12-28T00:37:00
9904869,51.208221,-6.470030,2024-12-29T00:33:00
9904869,50.233425,-2.437117,2024-12-30T00:21:00
9904869,51.489887,2.197915,2024-12-31T00:10:00
9904869,51.947128,4.076968,2025-01-01T00:12:00
9904869,51.947140,4.076963,2025-01-02T00:21:00
9904869,52.397079,3.881520,2025-01-03T00:32:00
9904869,55.199276,4.957122,2025-01-04T00:00:00
9904869,58.956612,4.207497,2025-01-05T00:11:00
9904869,62.794235,6.065814,2025-01-06T00:08:00
9904869,63.319408,9.143880,2025-01-07T00:26:00
9904869,62.929394,6.447513,2025-01-08T00:31:00
9904869,60.854698,5.035443,2025-01-09T00:21:00
9904869,59.694347,4.065448,2025-01-10T00:21:00
9904869,54.462727,7.239755,2025-01-11T07:58:00
9904869,53.519680,8.144990,2025-01-12T01:01:00
9904869,53.662140,5.493273,2025-01-13T00:56:00
9904869,51.946766,4.076567,2025-01-14T00:50:00
9904869,51.946781,4.076567,2025-01-15T00:05:00
9904869,52.101299,3.906510,2025-01-16T00:13:00
9904869,56.767639,4.640705,2025-01-17T00:58:00
9904869,60.792767,4.240388,2025-01-18T00:08:00
9904869,63.319653,9.144450,2025-01-19T00:00:00
9904869,63.319515,9.144183,2025-01-20T00:36:00
9904869,62.434414,5.330307,2025-01-21T00:07:00
9904869,58.921734,5.031897,2025-01-22T00:57:00
9904869,58.329426,6.257882,2025-01-23T00:56:00
9904869,56.263714,6.860074,2025-01-24T00:57:00
9904869,53.519680,8.145015,2025-01-25T00:59:00
9904869,53.744133,6.002062,2025-01-26T00:55:00
9904869,51.761326,2.387013,2025-01-27T00:49:00
9904869,50.546654,-0.044583,2025-01-28T00:35:00
9904869,50.066208,-2.341517,2025-01-29T00:22:00
9904869,47.626919,-4.762310,2025-01-30T00:05:00
9904869,45.593838,-1.701740,2025-01-31T00:22:00
9904869,44.890408,-0.532938,2025-02-01T17:48:00
9904869,44.890427,-0.532900,2025-02-02T00:03:00
9904869,46.716751,-3.514948,2025-02-03T00:27:00
9904869,49.454887,-3.729923,2025-02-04T00:36:00
9904869,51.063713,1.535825,2025-02-05T00:21:00
9904869,55.823288,3.647193,2025-02-06T06:15:00
9904869,58.907780,4.157853,2025-02-07T00:06:00
9904869,62.586887,5.569533,2025-02-08T00:04:00
9904869,63.319492,9.144096,2025-02-09T00:46:00
9904869,63.220520,7.840935,2025-02-10T00:18:00
9904869,61.669067,4.972895,2025-02-11T00:13:00
9904869,59.033627,3.843757,2025-02-12T00:11:00
9904869,55.142448,3.345903,2025-02-13T00:21:00
9904869,52.023327,1.167487,2025-02-14T00:34:00
9904869,52.248051,3.030338,2025-02-15T00:54:00
9904869,52.464443,4.144480,2025-02-16T00:04:00
9904869,52.473160,4.606602,2025-02-17T00:15:00
9904869,52.472378,4.607653,2025-02-18T00:15:00
9904869,52.472378,4.607580,2025-02-19T00:15:00
9904869,52.472374,4.607690,2025-02-20T00:21:00
9904869,51.499935,2.032472,2025-02-21T00:14:00
9904869,50.123283,-3.513503,2025-02-22T00:15:00
9904869,51.425266,-3.067710,2025-02-23T00:02:00
9904869,51.351627,-3.308070,2025-02-24T00:00:00
9904869,51.555618,-2.983607,2025-02-25T00:05:00
9904869,51.555626,-2.983590,2025-02-26T00:14:00
9904869,51.158993,-4.440533,2025-02-27T00:22:00
9904869,47.898293,-5.027457,2025-02-28T00:07:00
9904869,45.654438,-1.236482,2025-03-01T00:05:00
9904869,45.621025,-1.330023,2025-03-02T00:43:00
9904869,48.112762,-5.410008,2025-03-03T00:40:00
9904869,50.200626,-0.709818,2025-03-04T00:30:00
9904869,53.069832,2.675572,2025-03-05T00:15:00
9904869,56.932907,3.744215,2025-03-06T00:31:00
9904869,60.555614,4.219275,2025-03-07T00:19:00
9904869,63.248295,7.613554,2025-03-08T00:16:00
9904869,63.319489,9.144052,2025-03-09T01:13:00
9904869,61.923306,4.673297,2025-03-10T00:07:00
9904869,60.700340,5.554707,2025-03-11T00:14:00
9904869,58.418354,3.954297,2025-03-12T00:48:00
9904869,54.378613,3.213685,2025-03-13T03:29:00
9904869,52.042561,1.158467,2025-03-14T00:47:00
9904869,51.340279,2.063740,2025-03-15T00:07:00
9904869,51.166367,3.793773,2025-03-16T00:08:00
9904869,52.325302,2.287645,2025-03-17T00:59:00
9904869,53.740292,-0.261458,2025-03-18T00:54:00
9904869,53.581970,0.483818,2025-03-19T00:22:00
9904869,56.929775,6.814320,2025-03-20T00:37:00
9904869,58.880821,9.422578,2025-03-21T00:31:00
9904869,58.131092,9.200677,2025-03-22T00:26:00
9904869,55.229065,5.369180,2025-03-23T00:30:00
9904869,52.455791,2.003973,2025-03-24T00:07:00
9904869,52.032902,1.159062,2025-03-25T00:13:00
9904869,50.486530,-0.330397,2025-03-26T00:08:00
9904869,47.666172,-5.931503,2025-03-27T00:54:00
9904869,43.584740,-5.923755,2025-03-28T00:19:00
9904869,44.749458,-5.917368,2025-03-29T00:14:00
9904869,48.692982,-5.627315,2025-03-30T00:29:00
9904869,50.421154,0.477122,2025-03-31T00:12:00
9904869,54.012718,3.473235,2025-04-01T00:58:00
9904869,58.320045,4.040174,2025-04-02T00:51:00
9904869,62.535305,5.489288,2025-04-03T00:45:00
9904869,63.319500,9.144027,2025-04-04T00:12:00
9904869,62.709854,5.887680,2025-04-05T00:05:00
9904869,60.700153,5.554975,2025-04-06T00:13:00
9904869,58.542492,4.862329,2025-04-07T00:59:00
9904869,56.672272,8.222611,2025-04-08T00:48:00
9904869,58.079708,5.568682,2025-04-09T00:39:00
9904869,60.700214,5.554953,2025-04-10T00:44:00
9904869,59.577061,4.472055,2025-04-11T00:25:00
9904869,55.317524,3.374435,2025-04-12T00:44:00
9904869,52.042500,1.158420,2025-04-13T00:03:00
9904869,50.641781,0.548545,2025-04-14T00:55:00
9904869,48.696945,-5.908778,2025-04-15T00:41:00
9904869,45.606190,-1.378285,2025-04-16T00:15:00
9904869,44.890472,-0.532893,2025-04-17T00:15:00
9904869,45.603859,-1.376318,2025-04-18T00:29:00
9904869,48.434818,-5.657523,2025-04-19T00:25:00
9904869,50.245106,-0.397950,2025-04-20T00:16:00
9904869,53.165745,2.711653,2025-04-21T00:03:00
9904869,57.445282,3.846180,2025-04-22T00:54:00
9904869,61.780205,4.234302,2025-04-23T00:42:00
9904869,63.319607,9.144410,2025-04-24T00:42:00
9904869,63.390614,8.458199,2025-04-25T00:05:00
9904869,61.669094,4.972825,2025-04-26T00:55:00
9904869,58.902893,3.842828,2025-04-27T00:48:00
9904869,54.990822,3.304183,2025-04-28T00:26:00
9904869,52.042488,1.158383,2025-04-29T00:17:00
9904869,52.161674,2.663163,2025-04-30T00:14:00
9904869,52.416580,4.815210,2025-05-01T00:11:00
9904869,52.416588,4.815232,2025-05-02T00:38:00
9904869,51.494331,0.472432,2025-05-03T00:32:00
9904869,51.467560,0.257323,2025-05-04T00:39:00
9904869,51.526165,2.222863,2025-05-05T00:46:00
9904869,51.876141,3.503367,2025-05-06T00:47:00
9904869,51.876148,3.504038,2025-05-07T00:50:00
9904869,51.797348,4.638437,2025-05-08T00:53:00
9904869,52.917652,4.304177,2025-05-09T00:48:00
9904869,56.984833,4.592245,2025-05-10T00:36:00
9904869,60.711933,4.248374,2025-05-11T00:26:00
9904869,63.264854,8.131449,2025-05-12T00:13:00
9904869,63.319447,9.143937,2025-05-13T00:51:00
9904869,62.723240,5.946939,2025-05-14T00:54:00
9904869,61.668312,4.973705,2025-05-15T00:45:00
9904869,59.202492,3.867845,2025-05-16T00:37:00
9904869,55.276272,3.376678,2025-05-17T00:42:00
9904869,51.938496,1.479200,2025-05-18T00:20:00
9904869,51.323570,1.686178,2025-05-19T00:16:00
9904869,49.340939,-4.562637,2025-05-20T00:00:00
9904869,45.914219,-2.212332,2025-05-21T00:47:00
